Model,Mean Accuracy,Mean Recall,Mean Precision
Random Forest,0.8814616755793226,0.9125,0.8516666666666666
SVM,0.801247771836007,0.88125,0.7524717095769727
KNN,0.8123885918003566,0.90625,0.7558920250715917
Gradient Boosting,0.7741532976827095,0.85,0.7246309903546745
